et_epoch (seconds past J2000),lat (degrees),desc_vel (m/s),flight_path_angle_deg (deg)
158966003.184,-10.64796,-53.72311,49.64706
158966004.184,-10.64792,-53.75049,37.23889
158966005.184,-10.64783,-53.77786,29.27815
158966006.184,-10.64774,-53.80524,29.15206
158966007.184,-10.64766,-53.83261,28.97498
158966008.184,-10.64757,-53.85999,28.89309
158966009.184,-10.64748,-53.88736,28.89344
158966010.184,-10.6474,-53.79088,28.8436
158966011.184,-10.64731,-53.27903,28.60295
158966012.184,-10.64722,-52.76718,28.34676
158966013.184,-10.64713,-52.25533,28.07738
158966014.184,-10.64705,-51.74348,27.80172
158966015.184,-10.64696,-51.23163,27.52216
158966016.184,-10.64687,-50.71978,27.24918
158966017.184,-10.64679,-50.20793,26.98183
158966018.184,-10.6467,-49.69608,26.7162
158966019.184,-10.64661,-49.18423,26.45106
158966020.184,-10.64652,-48.67238,26.1833
158966021.184,-10.64643,-48.16053,25.91354
158966022.184,-10.64635,-47.64868,25.64007
158966023.184,-10.64626,-47.13683,25.36053
158966024.184,-10.64617,-46.62498,25.06967
158966025.184,-10.64608,-46.36068,24.88674
158966026.184,-10.64599,-46.92657,25.09155
158966027.184,-10.6459,-47.49245,25.29496
158966028.184,-10.64582,-48.05834,25.50553
158966029.184,-10.64573,-48.62422,25.72321
158966030.184,-10.64564,-49.19011,25.95311
158966031.184,-10.64555,-49.75599,26.19507
158966032.184,-10.64546,-50.32188,26.44786
158966033.184,-10.64537,-50.88776,26.70815
158966034.184,-10.64528,-51.45365,26.96176
158966035.184,-10.64519,-52.01953,27.20985
158966036.184,-10.6451,-52.58542,27.45666
158966037.184,-10.64502,-53.1513,27.69958
158966038.184,-10.64493,-53.71718,27.93173
158966039.184,-10.64484,-54.28307,28.15475
158966040.184,-10.64475,-54.70985,28.31369
158966041.184,-10.64466,-54.67017,28.26513
158966042.184,-10.64457,-54.63049,28.21341
158966043.184,-10.64448,-54.59081,28.15895
158966044.184,-10.64439,-54.55112,28.10041
158966045.184,-10.6443,-54.51144,28.03981
158966046.184,-10.64421,-54.47176,27.98072
158966047.184,-10.64412,-54.43208,27.92247
158966048.184,-10.64403,-54.39239,27.85977
158966049.184,-10.64394,-54.35271,27.79135
158966050.184,-10.64384,-54.31303,27.71626
158966051.184,-10.64375,-54.27335,27.63852
158966052.184,-10.64366,-54.23366,27.57227
158966053.184,-10.64357,-54.19398,27.51925
158966054.184,-10.64348,-54.1543,27.48345
158966055.184,-10.64339,-54.03586,27.42688
158966056.184,-10.6433,-53.65334,27.25562
158966057.184,-10.64321,-53.27082,27.08534
158966058.184,-10.64312,-52.88829,26.92099
158966059.184,-10.64303,-52.50577,26.76241
158966060.184,-10.64294,-52.12325,26.60943
158966061.184,-10.64285,-51.74072,26.4605
158966062.184,-10.64276,-51.3582,26.30879
158966063.184,-10.64267,-50.97568,26.15518
158966064.184,-10.64258,-50.59315,26.00525
158966065.184,-10.64249,-50.21063,25.85792
158966066.184,-10.6424,-49.82811,25.70896
158966067.184,-10.64231,-49.44558,25.56072
158966068.184,-10.64222,-49.06306,25.42238
158966069.184,-10.64213,-48.68054,25.2915
158966070.184,-10.64204,-48.37709,25.19153
158966071.184,-10.64195,-48.33884,25.20124
158966072.184,-10.64186,-48.30059,25.17784
158966073.184,-10.64177,-48.26234,25.1331
158966074.184,-10.64168,-48.22409,25.1164
158966075.184,-10.64159,-48.18584,25.11725
158966076.184,-10.6415,-48.14759,25.08549
158966077.184,-10.64141,-48.10934,25.02683
158966078.184,-10.64132,-48.07109,24.9775
158966079.184,-10.64123,-48.03284,24.93752
158966080.184,-10.64114,-47.99459,24.89634
158966081.184,-10.64105,-47.95634,24.8551
158966082.184,-10.64096,-47.91809,24.81869
158966083.184,-10.64087,-47.87984,24.78592
158966084.184,-10.64078,-47.84159,24.75416
158966085.184,-10.64069,-47.85396,24.74421
158966086.184,-10.6406,-48.03608,24.80625
158966087.184,-10.64051,-48.2182,24.86533
158966088.184,-10.64042,-48.40031,24.92931
158966089.184,-10.64033,-48.58243,24.99807
158966090.184,-10.64024,-48.76455,25.07114
158966091.184,-10.64015,-48.94667,25.15105
158966092.184,-10.64006,-49.12878,25.24351
158966093.184,-10.63997,-49.3109,25.34583
158966094.184,-10.63988,-49.49302,25.44565
158966095.184,-10.63979,-49.67514,25.54679
158966096.184,-10.6397,-49.85725,25.66533
158966097.184,-10.63961,-50.03937,25.79594
158966098.184,-10.63952,-50.22149,25.91662
158966099.184,-10.63943,-50.40361,26.02634
158966100.184,-10.63934,-50.49156,26.08116
158966101.184,-10.63925,-50.26374,25.98793
158966102.184,-10.63916,-50.03591,25.90891
