et_epoch (seconds past J2000),atmospheric_pressure (millibar),ref_alt (kilometers),west_lon (degrees),lat (degrees),desc_vel (m/s),flight_path_angle_deg (deg)
158966003.184,2.94927,144.12177,195.94138,-10.64796,-53.72311,49.64706
158966004.184,2.9532,144.06827,195.9404,-10.64792,-53.75049,37.23889
158966005.184,2.95713,144.01477,195.93835,-10.64783,-53.77786,29.27815
158966006.184,2.96106,143.96127,195.93629,-10.64774,-53.80524,29.15206
158966007.184,2.965,143.90778,195.93422,-10.64766,-53.83261,28.97498
158966008.184,2.96893,143.85428,195.93213,-10.64757,-53.85999,28.89309
158966009.184,2.97286,143.80078,195.93004,-10.64748,-53.88736,28.89344
158966010.184,2.97675,143.74719,195.92795,-10.6474,-53.79088,28.8436
158966011.184,2.9805,143.69328,195.92585,-10.64731,-53.27903,28.60295
158966012.184,2.98425,143.63937,195.92376,-10.64722,-52.76718,28.34676
158966013.184,2.988,143.58546,195.92166,-10.64713,-52.25533,28.07738
158966014.184,2.99175,143.53155,195.91956,-10.64705,-51.74348,27.80172
158966015.184,2.9955,143.47764,195.91746,-10.64696,-51.23163,27.52216
158966016.184,2.99925,143.42374,195.91535,-10.64687,-50.71978,27.24918
158966017.184,3.003,143.36983,195.91324,-10.64679,-50.20793,26.98183
158966018.184,3.00674,143.31592,195.91112,-10.6467,-49.69608,26.7162
158966019.184,3.01049,143.26201,195.909,-10.64661,-49.18423,26.45106
158966020.184,3.01424,143.2081,195.90688,-10.64652,-48.67238,26.1833
158966021.184,3.01799,143.15419,195.90476,-10.64643,-48.16053,25.91354
158966022.184,3.02174,143.10028,195.90264,-10.64635,-47.64868,25.64007
158966023.184,3.02549,143.04637,195.90051,-10.64626,-47.13683,25.36053
158966024.184,3.02924,142.99247,195.89837,-10.64617,-46.62498,25.06967
158966025.184,3.03302,142.94032,195.89624,-10.64608,-46.36068,24.88674
158966026.184,3.03689,142.89409,195.89409,-10.64599,-46.92657,25.09155
158966027.184,3.04077,142.84786,195.89194,-10.6459,-47.49245,25.29496
158966028.184,3.04464,142.80163,195.88978,-10.64582,-48.05834,25.50553
158966029.184,3.04852,142.7554,195.88762,-10.64573,-48.62422,25.72321
158966030.184,3.05239,142.70917,195.88546,-10.64564,-49.19011,25.95311
158966031.184,3.05626,142.66294,195.88329,-10.64555,-49.75599,26.19507
158966032.184,3.06014,142.61671,195.88112,-10.64546,-50.32188,26.44786
158966033.184,3.06401,142.57048,195.87895,-10.64537,-50.88776,26.70815
158966034.184,3.06789,142.52424,195.87679,-10.64528,-51.45365,26.96176
158966035.184,3.07176,142.47801,195.87462,-10.64519,-52.01953,27.20985
158966036.184,3.07563,142.43178,195.87245,-10.6451,-52.58542,27.45666
158966037.184,3.07951,142.38555,195.87028,-10.64502,-53.1513,27.69958
158966038.184,3.08338,142.33932,195.86811,-10.64493,-53.71718,27.93173
158966039.184,3.08726,142.29309,195.86594,-10.64484,-54.28307,28.15475
158966040.184,3.09122,142.24491,195.86376,-10.64475,-54.70985,28.31369
158966041.184,3.09548,142.19019,195.86158,-10.64466,-54.67017,28.26513
158966042.184,3.09975,142.13547,195.8594,-10.64457,-54.63049,28.21341
158966043.184,3.10401,142.08076,195.85722,-10.64448,-54.59081,28.15895
158966044.184,3.10828,142.02604,195.85503,-10.64439,-54.55112,28.10041
158966045.184,3.11254,141.97132,195.85284,-10.6443,-54.51144,28.03981
158966046.184,3.11681,141.9166,195.85064,-10.64421,-54.47176,27.98072
158966047.184,3.12107,141.86188,195.84844,-10.64412,-54.43208,27.92247
158966048.184,3.12533,141.80716,195.84624,-10.64403,-54.39239,27.85977
158966049.184,3.1296,141.75244,195.84403,-10.64394,-54.35271,27.79135
158966050.184,3.13386,141.69772,195.84181,-10.64384,-54.31303,27.71626
158966051.184,3.13813,141.64301,195.83959,-10.64375,-54.27335,27.63852
158966052.184,3.14239,141.58829,195.83737,-10.64366,-54.23366,27.57227
158966053.184,3.14666,141.53357,195.83514,-10.64357,-54.19398,27.51925
158966054.184,3.15092,141.47885,195.83291,-10.64348,-54.1543,27.48345
158966055.184,3.15515,141.42427,195.83067,-10.64339,-54.03586,27.42688
158966056.184,3.15926,141.37014,195.82844,-10.6433,-53.65334,27.25562
158966057.184,3.16336,141.31602,195.82621,-10.64321,-53.27082,27.08534
158966058.184,3.16747,141.2619,195.82397,-10.64312,-52.88829,26.92099
158966059.184,3.17158,141.20777,195.82174,-10.64303,-52.50577,26.76241
158966060.184,3.17569,141.15365,195.81951,-10.64294,-52.12325,26.60943
158966061.184,3.1798,141.09952,195.81728,-10.64285,-51.74072,26.4605
158966062.184,3.18391,141.0454,195.81505,-10.64276,-51.3582,26.30879
158966063.184,3.18801,140.99128,195.81282,-10.64267,-50.97568,26.15518
158966064.184,3.19212,140.93715,195.8106,-10.64258,-50.59315,26.00525
158966065.184,3.19623,140.88303,195.80837,-10.64249,-50.21063,25.85792
158966066.184,3.20034,140.8289,195.80615,-10.6424,-49.82811,25.70896
158966067.184,3.20445,140.77478,195.80394,-10.64231,-49.44558,25.56072
158966068.184,3.20855,140.72066,195.80172,-10.64222,-49.06306,25.42238
158966069.184,3.21266,140.66653,195.79951,-10.64213,-48.68054,25.2915
158966070.184,3.21673,140.61373,195.7973,-10.64204,-48.37709,25.19153
158966071.184,3.22068,140.56534,195.7951,-10.64195,-48.33884,25.20124
158966072.184,3.22463,140.51695,195.79289,-10.64186,-48.30059,25.17784
158966073.184,3.22858,140.46857,195.79069,-10.64177,-48.26234,25.1331
158966074.184,3.23252,140.42018,195.78848,-10.64168,-48.22409,25.1164
158966075.184,3.23647,140.3718,195.78627,-10.64159,-48.18584,25.11725
158966076.184,3.24042,140.32341,195.78407,-10.6415,-48.14759,25.08549
158966077.184,3.24437,140.27502,195.78186,-10.64141,-48.10934,25.02683
158966078.184,3.24831,140.22664,195.77965,-10.64132,-48.07109,24.9775
158966079.184,3.25226,140.17825,195.77743,-10.64123,-48.03284,24.93752
158966080.184,3.25621,140.12987,195.77522,-10.64114,-47.99459,24.89634
158966081.184,3.26016,140.08148,195.773,-10.64105,-47.95634,24.8551
158966082.184,3.26411,140.03309,195.77077,-10.64096,-47.91809,24.81869
158966083.184,3.26805,139.98471,195.76855,-10.64087,-47.87984,24.78592
158966084.184,3.272,139.93632,195.76633,-10.64078,-47.84159,24.75416
158966085.184,3.27599,139.88807,195.7641,-10.64069,-47.85396,24.74421
158966086.184,3.28011,139.84026,195.76187,-10.6406,-48.03608,24.80625
158966087.184,3.28423,139.79244,195.75964,-10.64051,-48.2182,24.86533
158966088.184,3.28835,139.74463,195.7574,-10.64042,-48.40031,24.92931
158966089.184,3.29248,139.69682,195.75517,-10.64033,-48.58243,24.99807
158966090.184,3.2966,139.64901,195.75293,-10.64024,-48.76455,25.07114
158966091.184,3.30072,139.6012,195.7507,-10.64015,-48.94667,25.15105
158966092.184,3.30484,139.55338,195.74846,-10.64006,-49.12878,25.24351
158966093.184,3.30896,139.50557,195.74622,-10.63997,-49.3109,25.34583
158966094.184,3.31308,139.45776,195.74399,-10.63988,-49.49302,25.44565
158966095.184,3.31721,139.40995,195.74176,-10.63979,-49.67514,25.54679
158966096.184,3.32133,139.36214,195.73953,-10.6397,-49.85725,25.66533
158966097.184,3.32545,139.31432,195.73731,-10.63961,-50.03937,25.79594
158966098.184,3.32957,139.26651,195.73509,-10.63952,-50.22149,25.91662
158966099.184,3.33369,139.2187,195.73287,-10.63943,-50.40361,26.02634
158966100.184,3.33783,139.17026,195.73066,-10.63934,-50.49156,26.08116
158966101.184,3.342,139.11972,195.72844,-10.63925,-50.26374,25.98793
158966102.184,3.34617,139.06917,195.72623,-10.63916,-50.03591,25.90891
