et_epoch (seconds past J2000),ref_alt (kilometers),entry_inertial_vel (m/s),speed_of_sound (m/s),mach_number (dimensionless),drag_coefficient_cd (dimensionless),probe_mass (kg),flight_path_angle_deg (deg)
158965617,1246.07834,6028.69186,280.34752,21.66261,2.09,320,-65.42896
158965618,1240.58807,6029.25258,278.09476,21.84034,2.09,320,-65.43045
158965619,1235.09872,6029.81462,276.62224,21.95874,2.09,320,-65.39851
158965620,1229.61039,6030.37813,275.30685,22.06593,2.09,320,-65.36340
158965621,1224.12307,6030.94311,275.68048,22.03832,2.09,320,-65.32848
158965622,1218.63680,6031.50957,277.12024,21.92599,2.09,320,-65.29339
158965623,1213.15155,6032.07750,277.97921,21.86046,2.09,320,-65.25818
158965624,1207.66734,6032.64692,278.36914,21.83211,2.09,320,-65.22285
158965625,1202.18417,6033.21782,277.67579,21.88875,2.09,320,-65.18741
158965626,1196.70206,6033.79021,277.05462,21.94009,2.09,320,-65.15198
158965627,1191.22099,6034.36410,275.43761,22.07119,2.09,320,-65.11656
158965628,1185.74099,6034.93949,273.97669,22.19118,2.09,320,-65.08095
158965629,1180.26206,6035.51639,272.83717,22.28609,2.09,320,-65.04506
158965630,1174.78420,6036.09480,271.87611,22.36727,2.09,320,-65.00907
158965631,1169.30741,6036.67473,271.47219,22.40284,2.09,320,-64.97292
158965632,1163.83171,6037.25618,271.52760,22.40060,2.09,320,-64.93679
158965633,1158.35710,6037.83915,272.05112,22.35977,2.09,320,-64.90074
158965634,1152.88358,6038.42366,272.50444,22.32485,2.09,320,-64.86457
158965635,1147.41116,6039.00971,273.03717,22.28371,2.09,320,-64.82819
158965636,1141.93985,6039.59730,273.55040,22.24422,2.09,320,-64.79153
158965637,1136.46965,6040.18643,273.86607,22.22083,2.09,320,-64.75486
158965638,1131.00056,6040.77712,273.79080,22.22953,2.09,320,-64.71825
158965639,1125.53261,6041.36937,276.29177,22.03050,2.09,320,-64.68149
158965640,1120.06578,6041.96318,277.03880,21.97338,2.09,320,-64.64444
158965641,1114.60008,6042.55856,277.02791,21.97666,2.09,320,-64.60736
158965642,1109.13553,6043.15550,278.00977,21.90129,2.09,320,-64.57022
158965643,1103.67213,6043.75403,280.74191,21.69054,2.09,320,-64.53295
158965644,1098.20988,6044.35415,283.93933,21.44856,2.09,320,-64.49566
158965645,1092.74878,6044.95585,284.95463,21.37427,2.09,320,-64.45815
158965646,1087.28886,6045.55915,283.21492,21.50798,2.09,320,-64.42056
158965647,1081.83011,6046.16403,279.62424,21.78656,2.09,320,-64.38292
158965648,1076.37254,6046.77051,276.52024,22.03351,2.09,320,-64.34514
158965649,1070.91615,6047.37860,278.37569,21.88897,2.09,320,-64.30709
158965650,1065.46096,6047.98829,280.23508,21.74619,2.09,320,-64.26893
158965651,1060.00696,6048.59961,283.64874,21.48681,2.09,320,-64.23092
158965652,1054.55417,6049.21256,288.84756,21.10241,2.09,320,-64.19281
158965653,1049.10258,6049.82713,291.06044,20.94436,2.09,320,-64.15443
158965654,1043.65222,6050.44334,291.38166,20.92367,2.09,320,-64.11583
158965655,1038.20308,6051.06120,295.48582,20.63511,2.09,320,-64.07718
158965656,1032.75517,6051.68069,292.88174,20.82136,2.09,320,-64.03860
158965657,1027.30850,6052.30183,290.30425,21.00809,2.09,320,-63.99986
158965658,1021.86306,6052.92460,291.78562,20.90376,2.09,320,-63.96090
158965659,1016.41888,6053.54902,284.74583,21.42288,2.09,320,-63.92183
158965660,1010.97596,6054.17507,284.79151,21.42175,2.09,320,-63.88267
158965661,1005.53430,6054.80279,286.34952,21.30770,2.09,320,-63.84346
158965662,1000.09392,6055.43217,289.28796,21.09374,2.09,320,-63.80404
158965663,994.65481,6056.06322,291.14814,20.96137,2.09,320,-63.76442
158965664,989.21699,6056.69595,293.62168,20.78713,2.09,320,-63.72481
158965665,983.78045,6057.33036,295.27938,20.67282,2.09,320,-63.68515
158965666,978.34522,6057.96645,295.77298,20.64044,2.09,320,-63.64522
158965667,972.91130,6058.60421,291.66374,20.93350,2.09,320,-63.60512
158965668,967.47869,6059.24364,289.40838,21.09914,2.09,320,-63.56507
158965669,962.04739,6059.88474,285.78054,21.36942,2.09,320,-63.52499
158965670,956.61743,6060.52748,283.28075,21.56040,2.09,320,-63.48473
158965671,951.18879,6061.17188,281.22866,21.72020,2.09,320,-63.44416
158965672,945.76150,6061.81793,278.41837,21.94204,2.09,320,-63.40349
158965673,940.33557,6062.46562,278.53276,21.93564,2.09,320,-63.36274
158965674,934.91099,6063.11498,276.10930,22.13066,2.09,320,-63.32195
158965675,929.48777,6063.76598,275.66899,22.16856,2.08994,320,-63.28108
158965676,924.06592,6064.41864,274.63903,22.25415,2.08974,320,-63.23989
158965677,918.64546,6065.07294,273.74246,22.32976,2.08902,320,-63.19873
158965678,913.22638,6065.72886,273.42648,22.35807,2.08838,320,-63.15759
158965679,907.80870,6066.38639,270.00967,22.64363,2.08715,320,-63.11604
158965680,902.39242,6067.04548,266.71191,22.92653,2.08507,320,-63.07431
158965681,896.97756,6067.70609,263.26009,23.22966,2.08292,320,-63.03266
158965682,891.56411,6068.36822,261.71260,23.36980,2.08078,320,-62.99088
158965683,886.15209,6069.03186,259.17941,23.60099,2.07717,320,-62.94891
158965684,880.74151,6069.69702,260.40042,23.49307,2.07481,320,-62.90688
158965685,875.33237,6070.36372,261.32267,23.41284,2.07241,320,-62.86467
158965686,869.92468,6071.03198,264.48595,23.13573,2.07078,320,-62.82229
158965687,864.51846,6071.70181,267.16945,22.90600,2.06899,320,-62.77988
158965688,859.11370,6072.37319,268.74647,22.77429,2.0669,320,-62.73725
158965689,853.71041,6073.04607,269.79697,22.68843,2.06462,320,-62.69445
158965690,848.30862,6073.72041,270.10134,22.66557,2.06103,320,-62.65160
158965691,842.90831,6074.39618,270.48376,22.63623,2.05743,320,-62.60859
158965692,837.50952,6075.07336,271.51761,22.55272,2.05415,320,-62.56541
158965693,832.11223,6075.75193,272.02712,22.51316,2.05063,320,-62.52217
158965694,826.71646,6076.43184,272.58926,22.46941,2.04714,320,-62.47886
158965695,821.32222,6077.11307,273.88655,22.36566,2.0438,320,-62.43546
158965696,815.92952,6077.79563,275.67268,22.22348,2.04011,320,-62.39168
158965697,810.53837,6078.47952,276.48665,22.16086,2.03595,320,-62.34772
158965698,805.14878,6079.16462,276.43217,22.16783,2.03129,320,-62.30391
158965699,799.76075,6079.85078,275.94862,22.20940,2.02632,320,-62.25983
158965700,794.37429,6080.53760,268.87111,22.79676,2.01723,320,-62.21567
158965701,788.98943,6081.22461,261.67531,23.42650,2.00635,320,-62.17141
158965702,783.60616,6081.91164,256.90863,23.86408,1.99645,320,-62.12685
158965703,778.22449,6082.59883,256.82649,23.87472,1.98972,320,-62.08221
158965704,772.84444,6083.28629,256.80565,23.87959,1.98263,320,-62.03742
158965705,767.46602,6083.97395,257.70849,23.79881,1.97631,320,-61.99247
158965706,762.08924,6084.66172,258.50533,23.72823,1.96976,320,-61.94748
158965707,756.71410,6085.34948,259.24326,23.66364,1.9629,320,-61.90236
158965708,751.34063,6086.03715,260.84220,23.52142,1.95682,320,-61.85698
158965709,745.96883,6086.72468,262.60156,23.36667,1.95096,320,-61.81150
158965710,740.59871,6087.41185,263.57193,23.28351,1.94445,320,-61.76601
158965711,735.23029,6088.09847,264.83799,23.17500,1.93778,320,-61.72017
158965712,729.86357,6088.78459,267.57742,22.94060,1.93248,320,-61.67415
158965713,724.49857,6089.46999,268.81571,22.83765,1.92591,320,-61.62820
158965714,719.13530,6090.15406,268.05358,22.90544,1.91747,320,-61.58211
158965715,713.77377,6090.83667,269.86309,22.75454,1.91137,320,-61.53577
158965716,708.41400,6091.51782,271.50901,22.61923,1.90524,320,-61.48926
158965717,703.05599,6092.19707,271.75220,22.60187,1.89781,320,-61.44270
158965718,697.69976,6092.87414,273.03533,22.49834,1.89106,320,-61.39592
158965719,692.34533,6093.54915,275.49375,22.30021,1.88539,320,-61.34896
158965720,686.99271,6094.22190,277.35138,22.15364,1.8793,320,-61.30194
158965721,681.64191,6094.89093,274.10409,22.41870,1.86835,320,-61.25467
158965722,676.29295,6095.55487,273.81168,22.44528,1.86,320,-61.20726
158965723,670.94584,6096.21195,267.61491,22.96779,1.84543,320,-61.15977
158965724,665.60061,6096.86158,267.74273,22.95955,1.83672,320,-61.11225
158965725,660.25727,6097.50396,267.07371,23.01952,1.8272,320,-61.06441
158965726,654.91584,6098.13712,264.33259,23.26096,1.81538,320,-61.01630
158965727,649.57634,6098.76026,263.99802,23.29288,1.80591,320,-60.96823
158965728,644.23880,6099.37407,265.84290,23.13387,1.79862,320,-60.91993
158965729,638.90322,6099.97762,266.46517,23.08237,1.7902,320,-60.87155
158965730,633.56964,6100.56853,264.07701,23.29355,1.7787,320,-60.82302
158965731,628.23809,6101.14717,269.43321,22.83307,1.77449,320,-60.77420
158965732,622.90857,6101.71295,268.49183,22.91536,1.7646,320,-60.72539
158965733,617.58112,6102.26337,269.62164,22.82156,1.75683,320,-60.67641
158965734,612.25576,6102.79845,271.28915,22.68362,1.74951,320,-60.62714
158965735,606.93252,6103.31739,272.04329,22.62285,1.74132,320,-60.57785
158965736,601.61142,6103.81721,272.16683,22.61488,1.7325,320,-60.52842
158965737,596.29251,6104.29648,273.78286,22.48334,1.72539,320,-60.47869
158965738,590.97579,6104.75202,273.25591,22.52839,1.7162,320,-60.42881
158965739,585.66133,6105.17415,268.43885,22.93454,1.70283,320,-60.37876
158965740,580.34915,6105.55749,266.82147,23.07518,1.69223,320,-60.32864
158965741,575.03931,6105.90338,267.36905,23.02954,1.68396,320,-60.27848
158965742,569.73185,6106.21241,268.80399,22.90803,1.67661,320,-60.22810
158965743,564.42681,6106.48026,268.35973,22.94719,1.66751,320,-60.17744
158965744,559.12425,6106.70191,268.73023,22.91663,1.65919,320,-60.12663
158965745,553.82423,6106.87849,271.37656,22.69405,1.65297,320,-60.07572
158965746,548.52678,6107.00662,271.56289,22.67920,1.64462,320,-60.02478
158965747,543.23197,6107.07782,272.40287,22.60972,1.63729,320,-59.97365
158965748,537.93987,6107.07407,271.41616,22.69223,1.62829,320,-59.92221
158965749,532.65056,6107.00923,272.52002,22.60030,1.62127,319.99999,-59.87057
158965750,527.36410,6106.85848,270.19379,22.79455,1.61154,319.99967,-59.81892
158965751,522.08059,6106.61109,269.85929,22.82218,1.60341,319.99909,-59.76721
158965752,516.80012,6106.26411,270.83351,22.73900,1.5966,319.9982,-59.71526
158965753,511.52280,6105.80090,268.46014,22.93858,1.5875,319.99688,-59.66308
158965754,506.24875,6105.20776,268.43825,22.93853,1.58007,319.99516,-59.61076
158965755,500.97810,6104.44080,264.19144,23.30470,1.56932,319.9929,-59.55839
158965756,495.71105,6103.43797,257.22083,23.93250,1.55715,319.98978,-59.50598
158965757,490.44783,6102.18264,253.18149,24.30986,1.54699,319.9859,-59.45332
158965758,485.18864,6100.67118,254.04267,24.22176,1.54058,319.98117,-59.40051
158965759,479.93374,6098.90239,254.46515,24.17476,1.53444,319.97557,-59.34773
158965760,474.68335,6096.86144,255.94848,24.02727,1.52904,319.96911,-59.29471
158965761,469.43773,6094.53430,256.99264,23.92048,1.52332,319.96169,-59.24148
158965762,464.19714,6091.88420,257.15000,23.89560,1.51841,319.95316,-59.18819
158965763,458.96189,6088.85611,257.78827,23.82498,1.5137,319.94351,-59.13490
158965764,453.73232,6085.42849,258.65754,23.73214,1.50916,319.93245,-59.08160
158965765,448.50879,6081.57805,260.90816,23.51356,1.50536,319.92008,-59.02814
158965766,443.29170,6077.20959,258.79074,23.68796,1.49947,319.90598,-58.97461
158965767,438.08155,6072.24460,258.67393,23.68155,1.49593,319.88997,-58.92102
158965768,432.87883,6066.71209,262.06077,23.35399,1.49367,319.87208,-58.86734
158965769,427.68402,6060.63106,264.24860,23.13759,1.49111,319.8524,-58.81355
158965770,422.49762,6053.91504,265.97781,22.96297,1.48845,319.8307,-58.75980
158965771,417.32025,6046.39412,263.98791,23.10711,1.48572,319.80641,-58.70615
158965772,412.15266,6037.92455,263.09863,23.15385,1.48431,319.77899,-58.65244
158965773,406.99566,6028.47576,265.07222,22.94522,1.48327,319.74853,-58.59882
158965774,401.85006,6018.06679,267.39179,22.70686,1.48228,319.7149,-58.54536
158965775,396.71676,6006.52854,266.46457,22.74390,1.48089,319.67777,-58.49181
158965776,391.59679,5993.63896,265.76936,22.75460,1.47952,319.6363,-58.43834
158965777,386.49131,5979.41615,267.70756,22.53720,1.47849,319.59061,-58.38522
158965778,381.40140,5963.88175,270.06211,22.28354,1.478,319.54076,-58.33233
158965779,376.32822,5946.84328,270.38108,22.19476,1.478,319.48635,-58.27948
158965780,371.27312,5928.17860,271.91286,22.00109,1.478,319.42686,-58.22674
158965781,366.23746,5907.85748,273.48212,21.80113,1.478,319.36225,-58.17432
158965782,361.22268,5885.62115,274.40273,21.65136,1.478,319.29197,-58.12236
158965783,356.23050,5861.24930,273.85234,21.60222,1.478,319.21497,-58.07078
158965784,351.26276,5834.61168,274.67890,21.43565,1.478,319.13134,-58.01960
158965785,346.32136,5805.57043,275.74197,21.25221,1.478,319.04054,-57.96897
158965786,341.40835,5774.00894,276.67720,21.06658,1.478,318.94232,-57.91885
158965787,336.52593,5739.61323,276.16623,20.98144,1.478,318.83598,-57.86934
158965788,331.67656,5702.13355,276.46308,20.82343,1.478,318.72079,-57.82059
158965789,326.86282,5661.48087,276.74581,20.65598,1.478,318.59677,-57.77256
158965790,322.08740,5617.43478,277.04802,20.47514,1.478,318.46353,-57.72548
158965791,317.35317,5569.78644,277.22594,20.28987,1.478,318.32046,-57.67946
158965792,312.66316,5518.40774,277.68798,20.07019,1.478,318.16751,-57.63439
158965793,308.02050,5463.03175,277.41071,19.89171,1.478,318.00442,-57.59056
158965794,303.42855,5403.53096,277.58712,19.66519,1.478,317.83091,-57.54798
158965795,298.89067,5339.92193,278.61315,19.36501,1.478,317.64767,-57.50671
158965796,294.41025,5272.05945,278.28570,19.14361,1.478,317.45469,-57.46714
158965797,289.99080,5199.87056,278.94968,18.83934,1.478,317.25218,-57.42933
158965798,285.63583,5123.28346,278.90783,18.56760,1.478,317.04051,-57.39329
158965799,281.34898,5042.19720,278.89872,18.27801,1.478,316.81991,-57.35909
158965800,277.13385,4956.70330,279.11050,17.95827,1.478,316.59115,-57.32701
158965801,272.99396,4866.89809,279.18929,17.63107,1.478,316.35518,-57.29734
158965802,268.93279,4772.75730,278.88763,17.31289,1.478,316.11257,-57.27005
158965803,264.95372,4674.56349,279.31832,16.93484,1.478,315.86461,-57.24531
158965804,261.05979,4572.79885,279.76166,16.54395,1.478,315.61333,-57.22332
158965805,257.25381,4467.47752,279.32543,16.19341,1.478,315.35931,-57.20432
158965806,253.53862,4358.58463,278.79254,15.83382,1.478,315.10293,-57.18845
158965807,249.91689,4246.61222,278.85563,15.42768,1.478,314.84586,-57.17574
158965808,246.39075,4132.27622,278.86716,15.01755,1.478,314.59043,-57.16634
158965809,242.96173,4016.31128,279.49610,14.56942,1.478,314.33858,-57.16050
158965810,239.63087,3898.91724,279.48722,14.14964,1.478,314.09112,-57.15860
158965811,236.39928,3780.02400,278.42042,13.77687,1.478,313.84811,-57.16054
158965812,233.26786,3660.32774,278.93554,13.32219,1.478,313.61084,-57.16636
158965813,230.23685,3540.38622,277.94791,12.93858,1.478,313.38114,-57.17660
158965814,227.30630,3420.37914,277.39920,12.53088,1.478,313.15876,-57.19118
158965815,224.47589,3300.93015,277.07408,12.11464,1.478,312.94513,-57.21023
158965816,221.74479,3182.62884,276.88845,11.69576,1.478,312.741,-57.23391
158965817,219.11170,3066.03839,276.78255,11.27869,1.478,312.54708,-57.26222
158965818,216.57495,2951.55597,276.71046,10.86772,1.478,312.36384,-57.29554
158965819,214.13267,2839.06915,275.69072,10.49996,1.478,312.19047,-57.33399
158965820,211.78319,2728.58217,274.54118,10.14129,1.478,312.02668,-57.37736
158965821,209.52463,2620.44656,273.75146,9.77511,1.478,311.87264,-57.42587
158965822,207.35476,2515.15248,273.34313,9.40437,1.478,311.72855,-57.48014
158965823,205.27098,2413.16756,273.14513,9.03796,1.478,311.5946,-57.53994
158965824,203.27036,2314.75906,273.25232,8.67387,1.478,311.47044,-57.60480
158965825,201.34986,2219.94109,272.74912,8.34226,1.478,311.35579,-57.67502
158965826,199.50649,2128.66623,272.43650,8.01637,1.478,311.24983,-57.75036
158965827,197.73721,2041.13651,272.75166,7.68584,1.478,311.15222,-57.83085
158965828,196.03883,1957.40110,272.83298,7.37660,1.478,311.0626,-57.91724
158965829,194.40827,1877.23334,272.26402,7.09759,1.47808,310.98029,-58.00907
158965830,192.84263,1800.47848,272.10836,6.81862,1.47857,310.90468,-58.10590
158965831,191.33906,1727.13877,271.93240,6.55307,1.47902,310.8352,-58.20820
158965832,189.89472,1657.21035,272.02690,6.29328,1.47947,310.77166,-58.31595
158965833,188.50683,1590.55895,271.67982,6.05583,1.47987,310.71347,-58.42915
158965834,187.17269,1527.06548,272.04880,5.81375,1.48029,310.66016,-58.54779
158965835,185.88972,1466.65859,271.77884,5.59678,1.48066,310.61141,-58.67145
158965836,184.65542,1409.18820,271.84232,5.38372,1.48102,310.56676,-58.80022
158965837,183.46741,1354.55217,271.90220,5.18088,1.48137,310.52592,-58.93439
158965838,182.32338,1302.56292,271.83373,4.99121,1.48169,310.48854,-59.07409
158965839,181.22129,1252.90217,270.59759,4.82946,1.48197,310.45408,-59.21941
158965840,180.15929,1205.38873,269.84354,4.66634,1.48225,310.42239,-59.37073
158965841,179.13562,1160.00353,269.29108,4.50677,1.48252,310.39317,-59.52811
158965842,178.14856,1116.67089,268.44829,4.35909,1.48278,310.3663,-59.69172
158965843,177.19644,1075.30065,267.87027,4.21334,1.48302,310.34148,-59.86128
158965844,176.27765,1035.88105,267.54595,4.07057,1.48327,310.31872,-60.03652
158965845,175.39060,998.34239,267.38454,3.93208,1.48358,310.29777,-60.21740
158965846,174.53380,962.55305,266.68597,3.80733,1.48393,310.27851,-60.40386
158965847,173.70584,928.45249,266.54823,3.68056,1.48429,310.26075,-60.59636
158965848,172.90530,896.05387,267.02217,3.55188,1.48466,310.2444,-60.79467
158965849,172.13085,865.20926,266.24834,3.44585,1.48496,310.22945,-60.99815
158965850,171.38130,835.70121,265.47289,3.34406,1.48525,310.21549,-61.20715
158965851,170.65560,807.43571,264.43575,3.24947,1.48552,310.20262,-61.42284
158965852,169.95273,780.39931,264.10589,3.15045,1.4858,310.19061,-61.64583
158965853,169.27169,754.54535,263.21945,3.06185,1.48605,310.17955,-61.87527
158965854,168.61156,729.79752,262.53235,2.97469,1.4863,310.16929,-62.10998
158965855,167.97145,706.11153,261.84037,2.89106,1.48654,310.15974,-62.35005
158965856,167.35048,683.48689,261.61853,2.80629,1.48678,310.15094,-62.59735
158965857,166.74780,661.90031,261.70859,2.72176,1.48702,310.14269,-62.85173
158965858,166.16256,641.30209,261.45961,2.64464,1.48724,310.1351,-63.11113
158965859,165.59399,621.63211,261.31171,2.56964,1.48745,310.12807,-63.37595
158965860,165.04139,602.71393,258.90207,2.51950,1.48759,310.12149,-63.64688
158965861,164.50420,584.48245,258.51451,2.45181,1.48779,310.11535,-63.92532
158965862,163.98181,567.03583,258.41668,2.38407,1.48798,310.10955,-64.21171
158965863,163.47357,550.38896,258.56498,2.31722,1.48817,310.10424,-64.50287
158965864,162.97883,534.52129,258.81746,2.25243,1.48835,310.09927,-64.79814
158965865,162.49698,519.39058,259.01073,2.19117,1.48853,310.09469,-65.09810
158965866,162.02743,504.95016,259.11884,2.13330,1.48869,310.09038,-65.40284
158965867,161.56962,491.16300,259.46991,2.07601,1.48886,310.0864,-65.71322
158965868,161.12305,477.95999,258.78884,2.02931,1.48899,310.08265,-66.02849
158965869,160.68728,465.28059,258.13041,1.98407,1.4857,310.07912,-66.34977
158965870,160.26189,453.09765,257.42795,1.94085,1.48223,310.07589,-66.67804
158965871,159.84649,441.39680,256.85447,1.89825,1.47882,310.0728,-67.01078
158965872,159.44068,430.20360,257.01877,1.85207,1.47512,310.06989,-67.34687
158965873,159.04405,419.50211,256.74033,1.81112,1.47186,310.06724,-67.68825
158965874,158.65620,409.27016,257.25601,1.76621,1.46829,310.06468,-68.03349
158965875,158.27675,399.49467,257.18850,1.72721,1.46523,310.06229,-68.38249
158965876,157.90536,390.14738,256.88240,1.69137,1.45669,310.0601,-68.73574
158965877,157.54167,381.21903,256.82126,1.65562,1.44672,310.05802,-69.09159
158965878,157.18534,372.69252,256.74245,1.62130,1.43725,310.05605,-69.44957
158965879,156.83606,364.53594,256.27854,1.59100,1.42895,310.05427,-69.81004
158965880,156.49355,356.71443,255.77047,1.56202,1.42106,310.05254,-70.17304
158965881,156.15755,349.20692,255.59824,1.53213,1.41296,310.05088,-70.53977
158965882,155.82780,341.99354,254.75292,1.50745,1.40633,310.0494,-70.91308
158965883,155.50408,335.04831,254.79233,1.47823,1.39851,310.04795,-71.28734
158965884,155.18617,328.54361,253.28587,1.45959,1.39077,310.0466,-71.65652
158965885,154.87362,322.40955,270.63233,1.40691,1.35314,309.09624,-72.03099
158965886,154.56655,315.56291,618.58040,0.57516,0.9349,288.677,-72.44119
158965887,154.26573,308.10478,621.65678,0.55962,0.9349,288.677,-72.88463
158965888,153.97100,301.62456,670.53830,0.50769,0.9349,288.677,-73.34993
158965889,153.68278,290.86313,508.26418,0.65433,0.95043,288.677,-74.05353
158965890,153.40818,270.85364,326.10506,0.94605,1.02951,288.677,-75.27639
158965891,153.15417,247.96033,324.87044,0.87253,1.007,288.677,-76.89632
158965892,152.91951,228.58311,327.41346,0.80224,0.986,288.677,-78.59075
158965893,152.70102,212.87236,332.68104,0.73560,0.96643,288.677,-80.22855
158965894,152.49586,200.18991,339.92016,0.67843,0.94995,288.677,-81.77550
158965895,152.30181,189.53414,334.27288,0.65228,0.94256,288.677,-83.23634
158965896,152.11752,180.08068,330.12210,0.62841,0.93575,288.677,-84.59701
158965897,151.94200,171.80203,338.48699,0.58330,0.9349,288.677,-85.77620
158965898,151.77435,164.59101,329.75795,0.57181,0.9349,288.677,-86.62621
158965899,151.61386,158.04079,319.41117,0.56567,0.9349,288.677,-86.74841
158965900,151.45995,152.20066,327.16587,0.52875,0.9349,288.677,-86.18477
158965901,151.31196,147.14551,333.41198,0.49822,0.9349,288.677,-85.10669
158965902,151.16930,142.63119,324.71572,0.49175,0.9349,288.677,-83.83793
158965903,151.03163,138.49699,323.46973,0.47590,0.9349,288.677,-82.44585
158965904,150.89863,134.82328,334.24040,0.44482,0.9349,288.677,-81.00475
158965905,150.76989,131.57792,324.33437,0.44238,0.9349,288.677,-79.56369
158965906,150.64506,128.69147,336.10611,0.41398,0.9349,288.677,-78.13592
158965907,150.52383,126.13031,322.25448,0.41816,0.9349,288.677,-76.72560
158965908,150.40599,123.80940,326.87025,0.39987,0.9349,288.677,-75.32940
158965909,150.29126,121.77066,331.69985,0.38324,0.9349,288.677,-73.96511
158965910,150.17941,119.94816,326.36707,0.37942,0.9349,288.677,-72.64287
158965911,150.07027,118.33182,326.94259,0.36905,0.9349,288.677,-71.98502
