et_epoch (seconds past J2000),elapsed_time (seconds),ref_alt (kilometers),entry_inertial_vel (m/s),speed_of_sound (m/s),mach_number (dimensionless),drag_coefficient_cd (dimensionless),flight_path_angle_deg (deg)
158965616.707,-268.477,1247.68717,6028.52782,,,,-65.42356871689736
158965618.184,-267.0,1239.5779517,6029.3558827,277.68306439523917,21.873177654637267,2.09,-65.42457086109005
158965619.184,-266.0,1234.0887935,6029.9181992,276.11020085964805,21.99998824620593,2.09,-65.39198804785173
158965620.184,-265.0,1228.6006453,6030.4819803,275.2780431910167,22.068659655915415,2.09,-65.35700197443977
158965621.184,-264.0,1223.1135214,6031.0472315,276.11585195186103,22.00392766004568,2.09,-65.32203790485839
158965622.184,-263.0,1217.6274327,6031.6139575,277.25956089992957,21.91537462548259,2.09,-65.2869155022304
158965623.184,-262.0,1212.142374,6032.1821635,277.99197268626403,21.859821531312278,2.09,-65.2516915755309
158965624.184,-261.0,1206.6583548,6032.7518494,278.4485654017974,21.82618796522528,2.09,-65.2163359258273
158965625.184,-260.0,1201.1753857,6033.3230249,277.5770205727857,21.896969874154102,2.09,-65.18088320681736
158965626.184,-259.0,1195.6934618,6033.8956956,276.7473704421025,21.96488524710503,2.09,-65.14546403162483
158965627.184,-258.0,1190.2125921,6034.4698611,275.2141009246263,22.089504842243745,2.09,-65.11003095582278
158965628.184,-257.0,1184.7327878,6035.0455266,273.8542104110504,22.201488812096166,2.09,-65.0743666548115
158965629.184,-256.0,1179.2540529,6035.6227017,272.6859307622745,22.298925217710625,2.09,-65.0384443612708
158965630.184,-255.0,1173.7763885,6036.201392,271.8075964467994,22.3732732179375,2.09,-65.00243554007092
158965631.184,-254.0,1168.2997985,6036.7816018,271.4409194998258,22.40577565626339,2.09,-64.96626757968143
158965632.184,-253.0,1162.8242984,6037.363332,271.5112753724033,22.402371125199746,2.09,-64.930151678209
158965633.184,-252.0,1157.3498883,6037.9465866,272.13117374514064,22.353629469114455,2.09,-64.8940948241673
158965634.184,-251.0,1151.8765683,6038.5313812,272.6264110428224,22.31535887655673,2.09,-64.85789500556923
158965635.184,-250.0,1146.4043525,6039.117711,273.126980242617,22.27678928181903,2.09,-64.8214710007456
158965636.184,-249.0,1140.9332472,6039.7055804,273.6429636215522,22.23710518776488,2.09,-64.78477684622526
158965637.184,-248.0,1135.4632514,6040.2950045,273.741604383009,22.23146074931608,2.09,-64.74811289010604
158965638.184,-247.0,1129.9943757,6040.8859791,274.5167997428432,22.171054911841935,2.09,-64.71150634713226
158965639.184,-246.0,1124.5266247,6041.4785127,276.47650509347733,22.016196812520775,2.09,-64.67470209782702
158965640.184,-245.0,1119.0600037,6042.0726121,277.0706653744876,21.97132915627388,2.09,-64.63761454366215
158965641.184,-244.0,1113.5945175,6042.6682757,277.0500330603844,21.975235031398142,2.09,-64.60053158115934
158965642.184,-243.0,1108.130176,6043.2655146,278.50001832678953,21.863246876316076,2.09,-64.5633785187028
158965643.184,-242.0,1102.6669846,6043.864333,281.3625852670912,21.643139753467732,2.09,-64.52608692192257
158965644.184,-241.0,1097.2049479,6044.4647415,284.2644867734497,21.424422877902305,2.09,-64.48877914653657
158965645.184,-240.0,1091.7440712,6045.0667399,284.76634486257825,21.388991904777114,2.09,-64.45124064742781
158965646.184,-239.0,1086.2843641,6045.6703283,282.7566586707438,21.543264717635097,2.09,-64.41363842383417
158965647.184,-238.0,1080.8258322,6046.2755068,279.02088950103274,21.834100716187077,2.09,-64.37598309471771
158965648.184,-237.0,1075.368475,6046.88228,276.0220925779177,22.07377064995514,2.09,-64.3381569245977
158965649.184,-236.0,1069.9123074,6047.4906579,278.04586938783893,21.915389342718207,2.09,-64.3000726124818
158965650.184,-235.0,1064.4573351,6048.1006507,281.1883512415741,21.673136065542014,2.09,-64.2619128169402
158965651.184,-234.0,1059.0035575,6048.7122682,284.6264951785243,21.413581755353103,2.09,-64.223917771234
158965652.184,-233.0,1053.5509846,6049.3255157,289.0825043134392,21.085657595913656,2.09,-64.18577301293023
158965653.184,-232.0,1048.0996266,6049.9403932,292.9790106355075,20.807722889830416,2.09,-64.14734154259975
158965654.184,-231.0,1042.6494885,6050.5569055,293.906961713207,20.744211723591278,2.09,-64.10871730679754
158965655.184,-230.0,1037.2005705,6051.1750625,295.92154476305194,20.605127309377355,2.09,-64.07007597961666
158965656.184,-229.0,1031.7528867,6051.79486,291.96015897971,20.88697318889886,2.09,-64.03149099413237
158965657.184,-228.0,1026.3064434,6052.4162923,289.9185387825417,21.036406906138243,2.09,-63.99270879837463
158965658.184,-227.0,1020.8612397,6053.0393694,291.27729325366676,20.94067790144707,2.09,-63.95371633705582
158965659.184,-226.0,1015.4172907,6053.6640869,287.99968129501144,21.182902113478107,2.09,-63.91463529878415
158965660.184,-225.0,1009.9746017,6054.2904487,285.0876830246061,21.400003781737844,2.09,-63.875459034081445
158965661.184,-224.0,1004.5331775,6054.9184705,285.8749218437058,21.343431153895658,2.09,-63.83622725749607
158965662.184,-223.0,999.0930281,6055.5481571,288.19916773609816,21.17367755434314,2.09,-63.79676659906294
158965663.184,-222.0,993.6541586,6056.1795185,292.403215066937,20.871607035322647,2.09,-63.75712525219421
158965664.184,-221.0,988.2165692,6056.8125598,293.6264769650767,20.787158841781142,2.09,-63.71751382688159
158965665.184,-220.0,982.780274,6057.4472764,294.455270929324,20.731339397972587,2.09,-63.677829743014826
158965666.184,-219.0,977.3452841,6058.0836726,294.67916801942516,20.717746802294556,2.09,-63.637852229018044
158965667.184,-218.0,971.911599,6058.7217444,291.05752104983515,20.97762046512295,2.09,-63.59774581334988
158965668.184,-217.0,966.4792287,6059.361481,289.1153007601828,21.120955374243604,2.09,-63.55769712774006
158965669.184,-216.0,961.0481783,6060.002878,285.7264664730944,21.37385396839352,2.09,-63.51760209333084
158965670.184,-215.0,955.6184575,6060.6459251,283.1265603610943,21.572579467382198,2.09,-63.477289851749475
158965671.184,-214.0,950.1900719,6061.2906269,280.7954045388938,21.754189619478353,2.09,-63.436684384790304
158965672.184,-213.0,944.7630306,6061.9369792,277.93229390879634,21.98106590355335,2.09,-63.396000403169324
158965673.184,-212.0,939.3373446,6062.584981,277.8094721459479,21.993415805848297,2.09,-63.35524098973906
158965674.184,-211.0,933.9130133,6063.234638,276.729851034937,22.081557807002294,2.09,-63.314438843616315
158965675.184,-210.0,928.4900468,6063.8859499,275.87163357987924,22.152738969834274,2.089921504376378,-63.273535512093986
158965676.184,-209.0,923.068455,6064.5389074,275.1480981423281,22.21354578485256,2.0896573443829793,-63.23230655865598
158965677.184,-208.0,917.6482481,6065.1935044,273.52412090938236,22.34799562213228,2.088895975018112,-63.19115857760758
158965678.184,-207.0,912.2294263,6065.8497276,272.92115749837086,22.400046091290655,2.088217875943558,-63.14998971802537
158965679.184,-206.0,906.8119989,6066.5075413,269.42493323193713,22.693345871214103,2.086766882212558,-63.10836977437745
158965680.184,-205.0,901.3959815,6067.1669159,265.9957664161347,22.988633808891485,2.084665253785966,-63.066634599246136
158965681.184,-204.0,895.9813788,6067.8278114,262.9387890782506,23.258568029831004,2.082580646892051,-63.02498873953838
158965682.184,-203.0,890.5681961,6068.4902164,260.92012420639674,23.441445373291792,2.0799993306429907,-62.98317640037726
158965683.184,-202.0,885.1564382,6069.1541367,260.4576625843941,23.48597185021576,2.0770765475066724,-62.94117209060468
158965684.184,-201.0,879.7461199,6069.8195812,260.5551889834223,23.479638313941024,2.0743513931718036,-62.89913548096527
158965685.184,-200.0,874.3372468,6070.4865658,262.08088298240017,23.345731882093826,2.072136005663186,-62.85688643434886
158965686.184,-199.0,868.929828,6071.1551095,264.554775331474,23.130188626056224,2.0702857484481143,-62.8144840434016
158965687.184,-198.0,863.5238696,6071.8252236,267.48686336512185,22.8793710008123,2.06862245502727,-62.77205668605691
158965688.184,-197.0,858.1193803,6072.4968834,269.1659422354052,22.739330410066927,2.0665592440968585,-62.72938930223397
158965689.184,-196.0,852.7163715,6073.1700398,269.70059007057466,22.696970874294834,2.0639154181638997,-62.68656069926698
158965690.184,-195.0,847.314847,6073.8446467,270.1392156240914,22.662870312564902,2.060348977515265,-62.64369736421886
158965691.184,-194.0,841.9148225,6074.5206793,270.83735043713017,22.607157877596094,2.0569047412995616,-62.600659274252074
158965692.184,-193.0,836.5163028,6075.1981171,271.74917668288595,22.5339473753746,2.053572672509909,-62.5574555861017
158965693.184,-192.0,831.1192931,6075.876931,272.1348071185829,22.504782813000297,2.0499937603495555,-62.514210606854064
158965694.184,-191.0,825.7238029,6076.5570854,272.6249071050414,22.46699197034147,2.046470031933562,-62.47088280967917
158965695.184,-190.0,820.3298475,6077.2385603,273.8209879759827,22.371586061844663,2.0428513413749934,-62.427439744287845
158965696.184,-189.0,814.937432,6077.921369,276.0573158835843,22.193030470534865,2.0394922522365944,-62.38359761624395
158965697.184,-188.0,809.5465662,6078.6054853,276.81707353687824,22.13485056452119,2.03530321753442,-62.33963989771344
158965698.184,-187.0,804.1572603,6079.2907991,276.98089641624273,22.12444684790142,2.030750570678351,-62.295826539850765
158965699.184,-186.0,798.7695192,6079.9771097,274.3475528889019,22.33988664493767,2.0245060582892407,-62.251705524652294
158965700.184,-185.0,793.3833576,6080.6640028,267.95545639158314,22.875267998582157,2.0157382594012825,-62.207529204301544
158965701.184,-184.0,787.998786,6081.351029,260.500443413221,23.532758399989643,2.004335428867536,-62.163237135686536
158965702.184,-183.0,782.6158092,6082.0380672,256.80017550154054,23.87471556230744,1.9951890429302463,-62.118633655791605
158965703.184,-182.0,777.2344372,6082.7253046,256.8126813365653,23.876466406849392,1.9884070798621232,-62.07398787872739
158965704.184,-181.0,771.8546847,6083.4128052,256.8285874024661,23.877863187810778,1.9813505550920572,-62.02916343597896
158965705.184,-180.0,766.476567,6084.1004911,257.858763082987,23.785427000960567,1.9751474566287723,-61.98418640095892
158965706.184,-179.0,761.1000893,6084.7882758,258.5979655532457,23.720300625792905,1.968451872628224,-61.93919253696173
158965707.184,-178.0,755.7252611,6085.4760229,259.61211021768827,23.63053812789647,1.9618341263501964,-61.894035643790325
158965708.184,-177.0,750.3520977,6086.1636704,261.24995746174733,23.485271753395462,1.9558085985317886,-61.848613258127784
158965709.184,-176.0,744.9806043,6086.8511507,262.79754858227557,23.34979059746952,1.9497755492064293,-61.80312439264611
158965710.184,-175.0,739.6107952,6087.5382341,263.6144389302029,23.280269688125237,1.9431072684819322,-61.757609396121524
158965711.184,-174.0,734.2426861,6088.2247517,265.27734581738366,23.137180783517973,1.9367395903646483,-61.711714080787765
158965712.184,-173.0,728.8762817,6088.9107623,267.994169462435,22.905447409414442,1.9314413132235329,-61.66567901820138
158965713.184,-172.0,723.511597,6089.5959694,268.55921925613774,22.860019809250232,1.9242497155368263,-61.61973784478479
158965714.184,-171.0,718.1486469,6090.2797676,268.2279756854767,22.890995281416817,1.9161927762659514,-61.57360398447754
158965715.184,-170.0,712.7874417,6090.9621061,270.3285734755972,22.715948283274432,1.9103775613027265,-61.52722151256879
158965716.184,-169.0,707.4279912,6091.6429566,271.4686340966888,22.623204312209882,1.9037723473211157,-61.480690005172804
158965717.184,-168.0,702.0703103,6092.3218229,271.9640544068043,22.58472706497968,1.896586157666955,-61.43411758407367
158965718.184,-167.0,696.7144141,6092.9984878,273.3746430500477,22.470943563504417,1.8899052791024546,-61.387290282059
158965719.184,-166.0,691.3603127,6093.6731067,276.03139187823365,22.2573248772284,1.8844355600506566,-61.34030724066672
158965720.184,-165.0,686.0080256,6094.3453005,277.0905220050202,22.17489384080046,1.8775755504810374,-61.29327060383895
158965721.184,-164.0,680.6575637,6095.0134978,274.11941674624194,22.417904468988727,1.8668603555072552,-61.245954587797726
158965722.184,-163.0,675.308941,6095.6763232,272.94531997910485,22.517162499140856,1.857691558153366,-61.198524919526974
158965723.184,-162.0,669.9621782,6096.3320429,267.1995449945136,23.003980997759424,1.843403479486968,-61.1510269817681
158965724.184,-161.0,664.6172897,6096.9803084,268.34388643865344,22.908614537123125,1.8356863335376987,-61.10347369231824
158965725.184,-160.0,659.2743008,6097.6211903,266.3966446363921,23.07863818377938,1.8248747160842578,-61.05557424190658
158965726.184,-159.0,653.9332266,6098.2525338,264.2292145431891,23.270524842648392,1.8136063076862612,-61.007445176046346
158965727.184,-158.0,648.5940868,6098.8738699,264.2417335066555,23.272005845855507,1.804449878946514,-60.959364928966
158965728.184,-157.0,643.2569017,6099.4859059,266.14618871281823,23.1079678130005,1.7972658134815265,-60.91103450084504
158965729.184,-156.0,637.9216909,6100.0873459,265.8028018919911,23.14048258951081,1.7878650970298446,-60.862638070405055
158965730.184,-155.0,632.5884845,6100.675895,265.4046962350539,23.17877744420493,1.7781456819758716,-60.81406295432269
158965731.184,-154.0,627.2573028,6101.2522348,268.8122417362776,22.886367558321044,1.772345001695007,-60.765207796995
158965732.184,-153.0,621.9281606,6101.815425,268.6540220277259,22.90197100029076,1.7631007303466253,-60.71639052532217
158965733.184,-152.0,616.6010923,6102.3629456,269.3048709865444,22.84888065471606,1.7547313723088735,-60.66736692913176
158965734.184,-151.0,611.276124,6102.8951393,271.4728547568419,22.668636095744805,1.7479490557694597,-60.618062065424155
158965735.184,-150.0,605.9532748,6103.4108283,272.07745815124656,22.62037950036224,1.7397148173954096,-60.56876960950453
158965736.184,-149.0,600.6325799,6103.9069093,271.83662294665044,22.642549001822506,1.7306720159645443,-60.51929193776566
158965737.184,-148.0,595.3140645,6104.3820559,274.16774469079996,22.451967499709895,1.7241917769787858,-60.469524858663426
158965738.184,-147.0,589.997763,6104.8322991,272.54197303064853,22.587816963575417,1.7139279580390743,-60.41961381905923
158965739.184,-146.0,584.6837158,6105.247586,268.1882562914142,22.956280686615656,1.700927737280067,-60.36954021445634
158965740.184,-145.0,579.3719624,6105.6238022,267.1884335542679,23.043810188203533,1.6909259003420563,-60.31940817083361
158965741.184,-144.0,574.0625577,6105.9628653,267.130930053172,23.05032590433511,1.6821390989201408,-60.269235195368566
158965742.184,-143.0,568.7555425,6106.2646853,269.0458504011859,22.887664750426964,1.6752390597106308,-60.21880316811377
158965743.184,-142.0,563.4509559,6106.5243696,267.8168098101704,22.993898810011867,1.6654344888696706,-60.16809993037443
158965744.184,-141.0,558.148858,6106.7374232,269.19040989392425,22.87757647242568,1.6580071776164438,-60.11726928412277
158965745.184,-140.0,552.8493038,6106.905192,271.46588818809136,22.686696031178073,1.6515118474062385,-60.066351119822706
158965746.184,-139.0,547.5523388,6107.022802,271.7507154143933,22.663633470669257,1.6433066372762393,-60.0153846850345
158965747.184,-138.0,542.2580219,6107.0808453,272.0887463043536,22.635939560572197,1.6355156138563294,-59.96421668226725
158965748.184,-137.0,536.9664285,6107.0710519,271.48468958689136,22.686512594322025,1.6268505976418168,-59.91271919280734
158965749.184,-136.0,531.6776331,6106.9888843,272.7357754157121,22.582409720557614,1.6200181882394642,-59.861061304315434
158965750.184,-135.0,526.3917112,6106.8214099,270.1319396577837,22.799703718622112,1.6100827609641348,-59.80940948251572
158965751.184,-134.0,521.1087518,6106.5552708,270.06058280232736,22.804940094620513,1.6021312910134446,-59.75766890785688
158965752.184,-133.0,515.8288552,6106.1887486,270.90800778019445,22.732536651101782,1.5953173833029506,-59.70567587484671
158965753.184,-132.0,510.5521259,6105.7022753,268.1074068311115,22.968444058264286,1.5858674524151894,-59.65345971907992
158965754.184,-131.0,505.2786934,6105.0816603,268.5386145886642,22.929494781716166,1.5787931300954168,-59.60112504081644
158965755.184,-130.0,500.0086929,6104.2768204,260.71573364125345,23.617893856549127,1.565504918346664,-59.54874802576689
158965756.184,-129.0,494.742326,6103.2271925,257.40766163750914,23.914370720568016,1.555962770428887,-59.49631543326064
158965757.184,-128.0,489.4798297,6101.9248317,253.99293331039794,24.23115950626496,1.5462076128922602,-59.44361321544403
158965758.184,-127.0,484.2214178,6100.3658439,254.23731510903275,24.20185350163326,1.5395466226001446,-59.39079466088699
158965759.184,-126.0,478.9673257,6098.5484609,254.57157424185218,24.16328988186918,1.5333434682378948,-59.33799901837998
158965760.184,-125.0,473.7177929,6096.4556567,255.77264244695118,24.041883061665008,1.5277406678594734,-59.28493523304441
158965761.184,-124.0,468.4730788,6094.0725378,257.5365090023691,23.868266377764186,1.5226097559716871,-59.231679624854955
158965762.184,-123.0,463.2334487,6091.3577043,257.02707862270057,23.905277344152942,1.5173976835223328,-59.17837916140829
158965763.184,-122.0,457.9992151,6088.256672,257.8328410244809,23.818772282181804,1.5128107491817866,-59.125093706628626
158965764.184,-121.0,452.7707337,6084.7529527,259.27066768006983,23.67351506321166,1.508552255007675,-59.0717806843861
158965765.184,-120.0,447.5483588,6080.8166995,260.4354064579026,23.552740154560436,1.5042270347449453,-59.01829395421645
158965766.184,-119.0,442.3325081,6076.344203,258.00678566124554,23.757431806622414,1.498483246033078,-58.96474974992099
158965767.184,-118.0,437.1236802,6071.2694985,259.3673665086709,23.613471880390613,1.4955166038149954,-58.911155733644684
158965768.184,-117.0,431.9223813,6065.6348046,262.4012966517745,23.31925637554053,1.4931829665822858,-58.85745074875426
158965769.184,-116.0,426.7290865,6059.4459076,264.8114595609298,23.08400775309297,1.4906954243958837,-58.803652624159575
158965770.184,-115.0,421.5442994,6052.5970088,265.68387450373075,22.982588091187285,1.4877583978791735,-58.74991468888134
158965771.184,-114.0,416.3686647,6044.9122746,264.3225967369623,23.072218754620526,1.48552949158876,-58.69627942292827
158965772.184,-113.0,411.2029617,6036.2620467,263.47063624579016,23.114255562948188,1.4841192268774486,-58.64256239096379
158965773.184,-112.0,406.0479998,6026.6332646,265.09706968600835,22.93635912549926,1.4830327721998902,-58.588968270063006
158965774.184,-111.0,400.9046038,6016.03472,267.8171705180357,22.664117607213374,1.4821007026251742,-58.53551740284754
158965775.184,-110.0,395.7736705,6004.2666193,266.4503817832369,22.7364482788134,1.4806511556405832,-58.48196401553418
158965776.184,-109.0,390.6562795,5991.1234312,266.1979231239671,22.708910034842642,1.4793326209542184,-58.42853310314711
158965777.184,-108.0,385.5535833,5976.6577152,268.3487043598005,22.473299007824785,1.4783328781450067,-58.37547352541278
158965778.184,-107.0,380.4666627,5960.8672195,270.152150679749,22.26498784526337,1.478,-58.32260883838206
158965779.184,-106.0,375.3967113,5943.536233,270.3869033122302,22.18187715686397,1.478,-58.26976328634726
158965780.184,-105.0,370.3450834,5924.5660608,272.77343502078435,21.91867378829808,1.478,-58.21706990211105
158965781.184,-104.0,365.3131538,5903.9192924,273.6810100442574,21.770672627872674,1.478,-58.16472296524769
158965782.184,-103.0,360.3024025,5881.305072,273.43877584995755,21.7075238433765,1.478,-58.11283835144945
158965783.184,-102.0,355.3145771,5856.5243836,274.3781680474766,21.54316997319095,1.478,-58.06133319717424
158965784.184,-101.0,350.3515403,5829.4556154,274.6654260772096,21.42222340921253,1.478,-58.01023703290957
158965785.184,-100.0,345.4152114,5799.9578086,275.8802013841316,21.221242441842165,1.478,-57.9597120714366
158965786.184,-99.0,340.5076594,5767.9048614,276.6183708819876,21.049000126203513,1.478,-57.90969270427053
158965787.184,-98.0,335.6311317,5732.9587819,276.22432171590043,20.952709563882117,1.478,-57.86030723358098
158965788.184,-97.0,330.7881247,5694.8976052,276.59257648788565,20.787497315742012,1.478,-57.811705163886124
158965789.184,-96.0,325.9812374,5653.6416973,276.99179032394096,20.60876472303074,1.478,-57.763822046298195
158965790.184,-95.0,321.2131758,5608.9478209,277.02811062516145,20.445028968966284,1.478,-57.71693204708182
158965791.184,-94.0,316.486859,5560.6202162,277.422072833264,20.241961192383496,1.478,-57.67110126927107
158965792.184,-93.0,311.8053227,5508.531191,277.6527127530834,20.03779784496628,1.478,-57.62622923328106
158965793.184,-92.0,307.1717396,5452.4018919,277.3881881568828,19.854758189110267,1.478,-57.58263524417708
158965794.184,-91.0,302.5894974,5392.1399668,277.93315493810525,19.599286161850085,1.478,-57.540284901593346
158965795.184,-90.0,298.0619358,5327.7643362,278.37084671596097,19.337369097216854,1.478,-57.49929005994902
158965796.184,-89.0,293.5924663,5259.1081928,278.57485074729783,19.076928039252262,1.478,-57.46005319982458
158965797.184,-88.0,289.1846176,5186.1157997,278.91004437632955,18.792493064533762,1.478,-57.42256824443189
158965798.184,-87.0,284.8419157,5108.7099326,278.90398115648475,18.515510504368926,1.478,-57.3868604073054
158965799.184,-86.0,280.5679949,5026.800249,278.9217374971525,18.22084300706185,1.478,-57.353023666922525
158965800.184,-85.0,276.3664526,4940.505832,279.13875974562416,17.89778150262181,1.478,-57.321366221034026
158965801.184,-84.0,272.2407859,4849.908968,279.1808389059176,17.57067550263946,1.478,-57.292140871048545
158965802.184,-83.0,268.1944688,4754.9930585,278.8957654365323,17.248516599148882,1.478,-57.265306321787676
158965803.184,-82.0,264.2308485,4656.0994705,279.3775642425395,16.864892321170693,1.478,-57.24105398651458
158965804.184,-81.0,260.3529,4553.6915231,279.7724223734121,16.475194133385315,1.478,-57.21959233224052
158965805.184,-80.0,256.5634114,4447.7148975,279.0949376971074,16.13551197123927,1.478,-57.20115939176289
158965806.184,-79.0,252.865227,4338.2068577,278.68691644680314,15.766332849340502,1.478,-57.185872384600515
158965807.184,-78.0,249.2609349,4225.7420796,278.93758271138813,15.349106204032967,1.478,-57.17375638084678
158965808.184,-77.0,245.7525676,4111.0478494,279.13956329244144,14.927215194528145,1.478,-57.16499577637212
158965809.184,-76.0,242.3415411,3994.8165726,279.669985665064,14.483419416539432,1.478,-57.15984316180475
158965810.184,-75.0,239.0288578,3877.1599003,279.1629429033271,14.088186880068664,1.478,-57.15867653771356
158965811.184,-74.0,235.8156441,3758.0462732,278.3794634076461,13.700060471670191,1.478,-57.161320258046196
158965812.184,-73.0,232.7026906,3638.2684391,278.68270120345505,13.255294317926339,1.478,-57.16789817870244
158965813.184,-72.0,229.6901691,3518.3112442,277.84453154151214,12.863632477714848,1.478,-57.17896454153402
158965814.184,-71.0,226.778076,3398.3478604,277.38872084419916,12.452292781403054,1.478,-57.19434767281584
158965815.184,-70.0,223.9660086,3279.0692254,277.0291420009727,12.037801752935389,1.478,-57.214236613660425
158965816.184,-69.0,221.2530436,3161.0395829,276.7459540719938,11.623556380705306,1.478,-57.238773212762354
158965817.184,-68.0,218.6378192,3044.8086125,276.913021763491,11.196837666047834,1.478,-57.267961567377455
158965818.184,-67.0,216.1185851,2930.7136352,276.5173119537293,10.800088286868567,1.478,-57.30222733408838
158965819.184,-66.0,213.6935097,2818.5915367,275.3383431693355,10.439040283557928,1.478,-57.34160159195777
158965820.184,-65.0,211.3608986,2708.5049823,274.4088340112306,10.073079192800355,1.478,-57.38589843303469
158965821.184,-64.0,209.1188271,2600.8540899,273.53042121498856,9.711806163753707,1.478,-57.43540324861683
158965822.184,-63.0,206.9649971,2496.1341735,273.3830082501111,9.333832218897298,1.478,-57.49073415924308
158965823.184,-62.0,204.8967437,2394.7907175,273.17397437469606,8.969812908792411,1.478,-57.55150360397785
158965824.184,-61.0,202.9110907,2297.0465854,273.2546078757381,8.609251315395255,1.478,-57.61730190132665
158965825.184,-60.0,201.0050019,2202.8859844,272.80924856027775,8.27795500210572,1.478,-57.688508239665914
158965826.184,-59.0,199.175496,2112.2788432,272.54957102300574,7.953109379629256,1.478,-57.76477872256714
158965827.184,-58.0,197.4194989,2025.4468934,272.79679821372326,7.627387537897845,1.478,-57.84628147729485
158965828.184,-57.0,195.7338197,1942.390412,272.6640155803923,7.326128475185704,1.478,-57.933733874812695
158965829.184,-56.0,194.1154172,1862.8603205,272.26215818760153,7.044565282966538,1.4781825412470668,-58.02652278190337
158965830.184,-55.0,192.5614105,1786.7307801,272.03722069277734,6.7701853785519015,1.4786511149939399,-58.12429770501813
158965831.184,-54.0,191.0689539,1714.0191641,272.0306547459734,6.502714068056212,1.4791075193654564,-58.227611864399165
158965832.184,-53.0,189.6352031,1644.7065627,272.02283590555606,6.247759564584376,1.4795438246839394,-58.336365427304344
158965833.184,-52.0,188.2573934,1578.6444174,271.7440098097513,6.010686751489045,1.479948497497443,-58.45056862579716
158965834.184,-51.0,186.9328602,1515.7229001,271.8778947937111,5.775863346523345,1.4803502221827445,-58.57016886754627
158965835.184,-50.0,185.6590288,1455.8696148,271.88782105111306,5.555131848476049,1.4807280712418947,-58.69475120178429
158965836.184,-49.0,184.4334292,1398.9262847,271.7039802977419,5.348824285668651,1.4810810274924542,-58.82449002512131
158965837.184,-48.0,183.2536724,1344.7925584,272.02539090258944,5.143046063737111,1.4814326449978943,-58.959676400212174
158965838.184,-47.0,182.1175111,1293.2584426,271.487566961126,4.96290237707054,1.4817414837464649,-59.1003990254699
158965839.184,-46.0,181.0229268,1244.0034838,270.55567607935166,4.7974649409383145,1.482024196869117,-59.24679035181233
158965840.184,-45.0,179.9681135,1196.8798568,269.6252494163262,4.638662282500105,1.4822968293728689,-59.39923303508043
158965841.184,-44.0,178.9513102,1151.8797502,269.2020162298236,4.478246315585367,1.4825714203071911,-59.55773534432645
158965842.184,-43.0,177.970796,1108.9152477,268.2558007356982,4.333279596027686,1.482820052808594,-59.72246961219158
158965843.184,-42.0,177.0249281,1067.9027583,267.82971843866,4.186443875743684,1.4830709249987286,-59.893101983475724
158965844.184,-41.0,176.112098,1028.8357497,267.4974856603515,4.04496643923148,1.483313554684562,-60.06937251883403
158965845.184,-40.0,175.2307228,991.6301535,267.2230168581963,3.909237690010764,1.4836428921803175,-60.251293928373315
158965846.184,-39.0,174.3793303,956.1546131,266.57181476049453,3.7850250971881696,1.4839951431152256,-60.438804303734315
158965847.184,-38.0,173.5565195,922.364061,266.6710535283436,3.6561895631705874,1.4843608874980931,-60.63240985760357
158965848.184,-37.0,172.7608866,890.2657413,266.91087782515314,3.5319063138084035,1.4847135359337784,-60.83173006301123
158965849.184,-36.0,171.9911018,859.6845331,266.11602163976477,3.4267810333173205,1.485012911869129,-61.03617920437647
158965850.184,-35.0,171.2460118,830.4095692,265.08837065858194,3.3288623450942914,1.4852908046836955,-61.24631191507188
158965851.184,-34.0,170.5245844,802.3698216,264.4016854697749,3.2306805630180366,1.4855696628110222,-61.46330366431041
158965852.184,-33.0,169.8258061,775.5552739,263.8365114536474,3.135112907311609,1.4858413028094837,-61.68757535988536
158965853.184,-32.0,169.1486842,749.9111428,263.22159671853143,3.04412887692367,1.4860999184320662,-61.91808488500804
158965854.184,-31.0,168.4923029,725.3614059,262.3509122091922,2.959787533539255,1.4863404287434838,-62.15374350400437
158965855.184,-30.0,167.8557767,701.8698228,261.8198426873761,2.875126625451296,1.4865809249987287,-62.394960740293065
158965856.184,-29.0,167.2382403,679.4384506,261.6728101191553,2.7901018136203697,1.4868226731217877,-62.643624771264854
158965857.184,-28.0,166.6388289,658.0377447,261.47282855604624,2.7093780940304906,1.4870520830204033,-62.899121953668654
158965858.184,-27.0,166.0567154,637.6142422,261.4529754462199,2.630508876025875,1.4872762203095753,-63.15943599947904
158965859.184,-26.0,165.4911295,618.0988731,261.06439341184256,2.5586017200131352,1.4874810762464497,-63.42533544490369
158965860.184,-25.0,164.9414063,599.3097157,258.8425566919853,2.5069270635615504,1.4876284096844874,-63.697520018678084
158965861.184,-24.0,164.4069861,581.211913,258.5138480937782,2.4389865317341655,1.4878212846861323,-63.97739153163191
158965862.184,-23.0,163.8872515,563.9136841,258.34843069287234,2.37251571965439,1.4880104778099355,-64.26499296919268
158965863.184,-22.0,163.3815417,547.4118712,258.57724527976836,2.3054410951496904,1.48820150812104,-64.55689285120094
158965864.184,-21.0,162.8892213,531.6833355,258.88651224998296,2.2407119375242783,1.4883856671874311,-64.85296712367045
158965865.184,-20.0,162.4096747,516.6831409,259.0926082198812,2.1798888441429773,1.4885589209363927,-65.15381715604452
158965866.184,-19.0,161.942321,502.3652434,259.1561579979842,2.122854375809901,1.4887212959352052,-65.45949319309848
158965867.184,-18.0,161.4866193,488.6914681,259.3835937339964,2.0670797822809917,1.488880428434564,-65.77088466929811
158965868.184,-17.0,161.0420733,475.5891043,258.62538373210543,2.0212225944242284,1.4885499012895929,-66.08712899200333
158965869.184,-16.0,160.6082418,463.0024706,258.2213130906518,1.9742907503647524,1.4849193281543105,-66.40961224013354
158965870.184,-15.0,160.1847195,450.9093755,257.2115959221016,1.9337460943124316,1.4816575662951743,-66.73898283510897
158965871.184,-14.0,159.771116,439.2989568,256.83529328326415,1.8899635009831972,1.478153796015951,-67.07238733923967
158965872.184,-13.0,159.3670225,428.1985061,257.15071537497045,1.8430756250175204,1.4744099287514068,-67.40922865668703
158965873.184,-12.0,158.9720326,417.5850009,256.8200244353158,1.8027256253039603,1.4711948947118385,-67.75152957064184
158965874.184,-11.0,158.5857571,407.4377586,257.25059509668944,1.7588737503118765,1.4677068447122161,-68.09742030187803
158965875.184,-10.0,158.2078194,397.7436242,257.13481009542517,1.7205094064699726,1.4641634419133165,-68.44714486448751
158965876.184,-9.0,157.83787,388.4735539,256.9326153088387,1.684300594267635,1.4547123610820591,-68.80105369742346
158965877.184,-8.0,157.4755584,379.6206051,256.80567481444797,1.6492057194755758,1.4449553064500238,-69.15730048067358
158965878.184,-7.0,157.1205494,371.164766,256.732067532244,1.6152490945263476,1.4355897233381691,-69.51570026826597
158965879.184,-6.0,156.7725369,363.072494,256.2569766884739,1.5851781251880108,1.4273482931766277,-69.87664632180076
158965880.184,-5.0,156.4312456,355.310013,255.73004058484076,1.5565277817255507,1.4195615748164037,-70.24022664027623
158965881.184,-4.0,156.0964102,347.8581582,255.4843751058495,1.527281406805621,1.411653373275214,-70.60786588604728
158965882.184,-3.0,155.7677899,340.6972341,254.92402433398564,1.5009373440488818,1.4045827003929903,-70.98198366515442
158965883.184,-2.0,155.4451551,333.8142838,254.67036153514746,1.4738181563947683,1.3973236153514745,-71.3558308774442
158965884.184,-1.0,155.1282659,327.3839678,253.07911251515029,1.4560791565067133,1.3849723397984506,-71.72492707996123
158965885.184,0.0,154.8167152,321.2330581,561.9288119894373,0.7969615918650089,1.0652469014224835,-72.10313762269482
158965886.184,1.0,154.5107096,314.2359255,614.9552071485335,0.5764469997678212,0.9349,-72.52054907776646
158965887.184,2.0,154.2110574,306.7825013,641.6013033617021,0.5401774068309532,0.9349,-72.97025092734069
158965888.184,3.0,153.9175195,300.1853835,675.3682404295334,0.5026813118014033,0.9349,-73.45880063950136
158965889.184,4.0,153.6311348,288.1335178,418.9159548058667,0.7908402963543004,0.9840616046388433,-74.23485312981113
158965890.184,5.0,153.3598082,266.6688787,325.4486222606662,0.9333184693919461,1.02549593738458,-75.54832815610219
158965891.184,6.0,153.1096094,244.0520652,323.8679210287799,0.8627973759240816,1.0040740880906378,-77.20925865966859
158965892.184,7.0,152.8781593,225.4454741,322.6458952676426,0.8030253451900634,0.9862670135496262,-78.89808699718913
158965893.184,8.0,152.6623241,210.3295778,335.1801727817737,0.7228853750887434,0.9627477431497271,-80.52113371985914
158965894.184,9.0,152.4593649,198.0978791,339.9143107469598,0.6720118751826556,0.9481237956762044,-82.05252389239763
158965895.184,10.0,152.2671944,187.7212792,332.12220035576524,0.651597999966224,0.9423841449897827,-83.49870472318011
158965896.184,11.0,152.0845908,178.4703233,329.19874508475283,0.624285416979177,0.9351442062884388,-84.8385263803944
158965897.184,12.0,151.9105849,170.3986626,335.1731206973892,0.5840695832294391,0.9349,-85.97572707809516
158965898.184,13.0,151.7442966,163.3461465,336.5020281177609,0.5558515006153559,0.9349,-86.69610826872353
158965899.184,14.0,151.5850611,156.9127732,321.54227790724127,0.5564138766313046,0.9349,-86.69651567006208
158965900.184,15.0,151.4322947,151.2117164,332.3130937799568,0.515958084023433,0.9349,-85.98838697162988
158965901.184,16.0,151.2853252,146.2800249,339.51067107746815,0.48562000033775965,0.9349,-84.88406688725082
158965902.184,17.0,151.1436036,141.8457019,324.2396830021716,0.4894442503375113,0.9349,-83.5876289046938
158965903.184,18.0,151.0068184,137.7854522,322.5999682015442,0.47397604192640214,0.9349,-82.18120174748985
158965904.184,19.0,150.8746277,134.1959207,331.50727071386376,0.44526812498548685,0.9349,-80.73743552149101
158965905.184,20.0,150.7466405,131.0218987,320.357449865517,0.44553841712918213,0.9349,-79.29886549918082
158965906.184,21.0,150.6224915,128.1966908,329.1389911168086,0.4200062078615305,0.9349,-77.87435278966142
158965907.184,22.0,150.5019019,125.6877815,324.0364819791448,0.4138086252512087,0.9349,-76.4673541081323
158965908.184,23.0,150.3846483,123.4123716,324.58404155959045,0.40095874988187724,0.9349,-75.07503447390488
158965909.184,24.0,150.270466,121.4212393,330.3480575012017,0.38303137500600704,0.9349,-73.71807448832205
158965910.184,25.0,150.1591325,119.6356955,320.5126141065314,0.38424691630415453,0.9349,-72.40326568016788
158965911.184,26.0,150.0504588,118.0561676,331.69724947143715,0.3618825006087746,0.9349,-71.121615720326
